Pos.	Giocatore	eta	Pres.	Gol	Nazionale
P	Manuel Neuer	28	45	0	Germania
P	Roman Weidenfeller	33	1	0	Germania
D	Philipp Lahm	30	105	5	Germania
D	Per Mertesacker	29	96	4	Germania
D	Marcell Jansen	28	45	3	Germania
D	Jérôme Boateng	25	37	0	Germania
D	Marcel Schmelzer	26	16	0	Germania
D	Kevin Großkreutz	25	4	0	Germania
D	Matthias Ginter	20	1	0	Germania
D	Shkodran Mustafi	22	0	0	Germania
C	Lukas Podolski	28	112	46	Germania
C	Bastian Schweinsteiger	29	101	23	Germania
C	Mesut Özil	25	53	17	Germania
C	Toni Kroos	24	42	5	Germania
C	André Schürrle	23	31	11	Germania
C	Mario Götze	21	27	7	Germania
C	Sidney Sam	26	5	0	Germania
C	André Hahn	23	0	0	Germania
A	Miroslav Klose	35	131	68	Germania
P	Moisés Muñoz	34	13	0	Messico
P	Alfredo Talavera	31	13	0	Messico
D	Rafael Márquez	35	118	15	Messico
D	Francisco Javier Rodríguez	32	91	1	Messico
D	Paul Aguilar	28	27	3	Messico
D	Juan Carlos Valenzuela	30	19	0	Messico
D	Miguel Layún	25	11	0	Messico
D	Miguel Ponce	25	6	1	Messico
D	Enrique Pérez	25	3	0	Messico
D	Rogelio Chávez	29	1	0	Messico
C	Jesús Zavala	26	30	2	Messico
C	Carlos Peña	24	14	2	Messico
C	Marco Fabián	24	11	4	Messico
C	Luis Montes	28	11	2	Messico
C	Juan Carlos Medina	30	7	0	Messico
C	Isaác Brizuela	23	5	0	Messico
C	José Juan Vázquez	26	2	0	Messico
A	Raúl Jiménez	23	22	4	Messico
A	Alan Pulido	23	3	4	Messico
P	Asmir Begović	26	28	-26	Bosnia Erzegovina
P	Jasmin Fejzić	28	0	0	Bosnia Erzegovina
P	Asmir Avdukić	33	3	0	Bosnia Erzegovina
D	Avdija Vršajević	28	12	0	Bosnia Erzegovina
D	Ermin Bičakčić	24	7	1	Bosnia Erzegovina
D	Emir Spahić	33	72	3	Bosnia Erzegovina
D	Sead Kolašinac	20	2	0	Bosnia Erzegovina
D	Ognjen Vranješ	24	11	0	Bosnia Erzegovina
D	Mensur Mujdza	30	22	0	Bosnia Erzegovina
D	Ervin Zukanović	27	6	0	Bosnia Erzegovina
D	Toni Šunjić	25	5	0	Bosnia Erzegovina
C	Tino-Sven Sušić	22	1	0	Bosnia Erzegovina
C	Miralem Pjanić	24	46	8	Bosnia Erzegovina
C	Zvjezdan Misimović	31	79	25	Bosnia Erzegovina
C	Zoran Kvržić	25	3	0	Bosnia Erzegovina
C	Adnan Zahirović	24	20	0	Bosnia Erzegovina
C	Sejad Salihović	29	40	4	Bosnia Erzegovina
C	Senad Lulić	28	33	1	Bosnia Erzegovina
C	Senijad Ibričić	28	42	4	Bosnia Erzegovina
C	Haris Međunjanin	29	34	5	Bosnia Erzegovina
C	Edin Višća	24	8	0	Bosnia Erzegovina
C	Izet Hajrovic	22	5	1	Bosnia Erzegovina
C	Anel Hadžić	24	1	0	Bosnia Erzegovina
A	Vedad Ibišević	29	53	20	Bosnia Erzegovina
A	Edin Džeko	28	60	33	Bosnia Erzegovina
P	Keylor Navas	27	51	0	Costa Rica
P	Patrick Pemberton	31	20	0	Costa Rica
D	Michael Umaña	31	81	1	Costa Rica
D	Junior Díaz	30	60	1	Costa Rica
D	Roy Miller	29	47	1	Costa Rica
D	Giancarlo González	26	33	2	Costa Rica
D	José Salvatierra	24	26	0	Costa Rica
D	Cristian Gamboa	24	24	1	Costa Rica
D	Óscar Duarte	24	10	0	Costa Rica
D	Waylon Francis	23	1	0	Costa Rica
C	Celso Borges	25	61	14	Costa Rica
C	Christian Bolaños	30	53	2	Costa Rica
C	Michael Barrantes	30	42	4	Costa Rica
C	José Cubero	27	33	2	Costa Rica
C	Yeltsin Tejeda	22	21	0	Costa Rica
C	Esteban Granados	28	11	0	Costa Rica
C	Diego Calvo	23	9	1	Costa Rica
A	Álvaro Saborío	32	93	32	Costa Rica
A	Bryan Ruiz	28	61	12	Costa Rica
A	Joel Campbell	21	31	9	Costa Rica
A	Marco Ureña	24	22	7	Costa Rica
A	John Jairo Ruiz	20	1	0	Costa Rica
P	Jasper Cillessen	25	5	0	Olanda
P	Jeroen Zoet	23	0	0	Olanda
D	Gregory van der Wiel	26	37	0	Olanda
D	Ron Vlaar	29	22	1	Olanda
D	Daryl Janmaat	24	13	0	Olanda
D	Bruno Martins Indi	22	13	2	Olanda
D	Daley Blind	24	9	0	Olanda
D	Karim Rekik	19	1	0	Olanda
D	Jöel Veltman	22	1	0	Olanda
C	Wesley Sneijder	29	97	26	Olanda
C	Kevin Strootman	24	25	3	Olanda
C	Stijn Schaars	30	23	0	Olanda
C	Jordy Clasie	22	7	0	Olanda
C	Siem de Jong	25	6	2	Olanda
C	Davy Klaassen	21	1	0	Olanda
A	Dirk Kuyt	33	98	24	Olanda
A	Robin van Persie	30	83	42	Olanda
A	Arjen Robben	30	73	22	Olanda
A	Klaas-Jan Huntelaar	30	60	34	Olanda
A	Memphis Depay	20	4	0	Olanda
A	Jean-Paul Boëtius	20	1	0	Olanda
A	Quincy Promes	22	1	0	Olanda
P	Gianluigi Buffon	36	139	-114	Italia
P	Salvatore Sirigu	27	7	-8	Italia
P	Mattia Perin	21	0	0	Italia
D	Ignazio Abate	27	18	1	Italia
D	Andrea Barzagli	33	47	0	Italia
D	Leonardo Bonucci	27	35	2	Italia
D	Giorgio Chiellini	29	67	4	Italia
D	Matteo Darmian	24	0	0	Italia
D	Mattia De Sciglio	21	9	0	Italia
D	Christian Maggio	32	34	0	Italia
D	Gabriel Paletta	28	1	0	Italia
D	Manuel Pasqual	32	5	0	Italia
D	Andrea Ranocchia	27	12	0	Italia
C	Alberto Aquilani	29	33	5	Italia
C	Antonio Candreva	27	19	0	Italia
C	Daniele De Rossi	30	93	15	Italia
C	Claudio Marchisio	28	42	2	Italia
C	Riccardo Montolivo	29	57	2	Italia
C	Thiago Motta	31	19	1	Italia
C	Marco Parolo	29	2	0	Italia
C	Andrea Pirlo	35	108	13	Italia
C	Rômulo	27	0	0	Italia
C	Marco Verratti	21	4	1	Italia
A	Mario Balotelli	23	29	12	Italia
A	Antonio Cassano	31	35	10	Italia
A	Alessio Cerci	26	10	0	Italia
A	Mattia Destro	23	5	1	Italia
A	Ciro Immobile	24	1	0	Italia
A	Lorenzo Insigne	22	4	1	Italia
A	Giuseppe Rossi	27	29	7	Italia
P	Boubacar Barry	34	79	0	Costa d’Avorio
P	Sayouba Mandé	20	1	0	Costa d’Avorio
P	Sylvain Gbohouo	25	0	0	Costa d’Avorio
D	Didier Zokora	33	119	1	Costa d’Avorio
D	Kolo Touré	33	106	6	Costa d’Avorio
D	Siaka Tiéné	32	87	2	Costa d’Avorio
D	Arthur Boka	31	78	1	Costa d’Avorio
D	Serge Aurier	21	8	0	Costa d’Avorio
D	Brice Dja Djédjé	23	3	0	Costa d’Avorio
D	Constant Djakpa	27	3	0	Costa d’Avorio
D	Ousmane Viera	27	3	0	Costa d’Avorio
D	Jean-Daniel Akpa-Akpro	21	0	0	Costa d’Avorio
C	Yaya Touré	31	83	16	Costa d’Avorio
C	Koffi Ndri Romaric	30	47	5	Costa d’Avorio
C	Cheik Tioté	27	43	1	Costa d’Avorio
C	Max Gradel	26	24	3	Costa d’Avorio
C	Jean-Jacques Gosso	31	23	0	Costa d’Avorio
C	Serey Die	29	5	0	Costa d’Avorio
C	Mathis Bolly	23	2	0	Costa d’Avorio
C	Ismaël Diomandé	21	0	0	Costa d’Avorio
C	Jean Seri	22	0	0	Costa d’Avorio
A	Didier Drogba	36	99	63	Costa d’Avorio
A	Salomon Kalou	28	64	23	Costa d’Avorio
A	Gervinho	26	53	13	Costa d’Avorio
A	Wilfried Bony	25	24	8	Costa d’Avorio
A	Seydou Doumbia	26	20	2	Costa d’Avorio
A	Giovanni Sio	25	6	0	Costa d’Avorio
P	Alexandros Tzorvas	31	16	0	Grecia
P	Panagiotis Glykos	27	1	0	Grecia
D	Giannis Maniatis	27	28	0	Grecia
D	Giorgos Tzavelas	26	12	0	Grecia
D	Kostas Manolas	22	6	0	Grecia
D	Avraam Papadopoulos	29	36	0	Grecia
D	Loukas Vyntra	33	47	0	Grecia
D	Vasilis Torosidis	28	64	7	Grecia
D	José Holebas	29	20	1	Grecia
C	Alexandros Tziolis	29	47	1	Grecia
C	Giorgos Karagounis	37	132	10	Grecia
C	Lazaros Christodoulopoulos	27	16	1	Grecia
C	Andreas Samaris	24	3	0	Grecia
C	Kostas Katsouranis	34	109	9	Grecia
C	Giannis Fetfatzidis	23	16	3	Grecia
C	Panagiotis Kone	26	14	0	Grecia
A	Giorgos Samaras	29	71	8	Grecia
A	Kostas Mitroglou	26	29	8	Grecia
A	Dimitris Salpingidis	32	73	13	Grecia
A	Dimitris Papadopoulos	32	23	2	Grecia
P	Noel Valladares	37	120	0	Honduras
P	Donis Escober	34	25	0	Honduras
P	Luis López	20	0	0	Honduras
D	Maynor Figueroa	31	102	3	Honduras
D	Víctor Bernárdez	31	75	4	Honduras
D	Emilio Izaguirre	28	66	1	Honduras
D	Juan Carlos García	26	31	1	Honduras
D	Arnold Peralta	25	20	0	Honduras
D	Walter Williams	30	1	0	Honduras
D	Henry Clark	28	0	0	Honduras
C	Oscar Boniek García	29	92	2	Honduras
C	Jorge Claros	28	46	3	Honduras
C	Marvin Chávez	30	39	4	Honduras
C	Mario Martínez	24	34	3	Honduras
C	Edder Delgado	27	25	0	Honduras
C	Luis Garrido	23	18	0	Honduras
C	Andy Najar	21	15	1	Honduras
C	Bryan Acosta	20	1	0	Honduras
A	Jerry Bengtson	27	41	19	Honduras
A	Jerry Palacios	32	21	5	Honduras
A	Rony Martínez	25	10	1	Honduras
A	Romell Quioto	22	2	0	Honduras
A	Diego Reyes Sandoval	21	2	0	Honduras
P	Sergio Romero	27	45	0	Argentina
P	Agustín Orión	32	3	0	Argentina
P	Mariano Andújar	30	10	0	Argentina
D	Hugo Campagnaro	33	13	0	Argentina
D	Pablo Zabaleta	29	37	0	Argentina
D	Marcos Rojo	24	20	0	Argentina
D	Nicolás Otamendi	26	16	1	Argentina
D	Federico Fernández	25	24	2	Argentina
D	Gino Peruzzi	21	4	0	Argentina
D	José María Basanta	30	8	0	Argentina
D	Lisandro Ezequiel López	24	4	0	Argentina
C	Fernando Gago	28	47	0	Argentina
C	Lucas Biglia	28	17	0	Argentina
C	Ángel Di María	26	45	9	Argentina
C	Maxi Rodríguez	33	52	15	Argentina
C	Javier Mascherano	29	96	2	Argentina
C	Éver Banega	25	24	2	Argentina
C	Ricardo Álvarez	26	5	0	Argentina
C	Augusto Fernández	28	7	1	Argentina
C	José Ernesto Sosa	28	19	1	Argentina
A	Rodrigo Palacio	32	21	2	Argentina
A	Gonzalo Higuaín	26	36	20	Argentina
A	Lionel Messi	26	84	37	Argentina
A	Sergio Agüero	25	50	21	Argentina
A	Ezequiel Lavezzi	29	29	4	Argentina
P	Jung Sung-Ryong	29	59	0	Corea del Sud
P	Kim Seung-Gyu	23	5	0	Corea del Sud
P	Kim Jin-Hyeon	26	1	0	Corea del Sud
D	Hong Jeong-Ho	24	23	1	Corea del Sud
D	Kim Young-Gwon	24	19	1	Corea del Sud
D	Park Joo-Ho	27	13	0	Corea del Sud
D	Lee Yong	27	10	0	Corea del Sud
D	Kim Jin-Su	21	9	0	Corea del Sud
D	Hwang Seok-Ho	24	3	0	Corea del Sud
D	Kim Ju-Young	25	1	0	Corea del Sud
C	Ki Sung-Yueng	25	56	5	Corea del Sud
C	Lee Chung-Yong	25	53	6	Corea del Sud
C	Koo Ja-Cheol	25	35	12	Corea del Sud
C	Kim Bo-Kyung	24	26	3	Corea del Sud
C	Ha Dae-Sung	29	12	0	Corea del Sud
C	Nam Tae-Hee	22	11	0	Corea del Sud
C	Park Jong-Woo	25	10	0	Corea del Sud
C	Han Kook-Young	24	8	0	Corea del Sud
A	Park Chu-Young	28	62	24	Corea del Sud
A	Lee Keun-Ho	29	62	18	Corea del Sud
A	Ji Dong-Won	22	26	8	Corea del Sud
A	Kim Shin-Wook	26	26	3	Corea del Sud
A	Son Heung-Min	21	23	6	Corea del Sud
P	Thibaut Courtois	22	15	0	Belgio
P	Simon Mignolet	25	14	0	Belgio
P	Koen Casteels	21	0	0	Belgio
D	Toby Alderweireld	25	32	1	Belgio
D	Daniel Van Buyten	36	77	10	Belgio
D	Vincent Kompany	28	57	4	Belgio
D	Jan Vertonghen	27	55	4	Belgio
D	Sébastien Pocognoli	26	12	0	Belgio
D	Anthony Vanden Borre	26	24	1	Belgio
D	Nicolas Lombaerts	29	25	2	Belgio
D	Laurent Ciman	28	8	0	Belgio
C	Axel Witsel	25	46	5	Belgio
C	Kevin De Bruyne	22	20	4	Belgio
C	Marouane Fellaini	26	48	8	Belgio
C	Eden Hazard	23	43	5	Belgio
C	Kevin Mirallas	26	43	9	Belgio
C	Radja Nainggolan	26	5	1	Belgio
C	Dries Mertens	27	23	2	Belgio
C	Adnan Januzaj	19	0	0	Belgio
C	Moussa Dembélé	26	55	5	Belgio
C	Nacer Chadli	24	18	2	Belgio
A	Christian Benteke	23	18	6	Belgio
A	Romelu Lukaku	21	27	5	Belgio
P	Máximo Banguera	28	22	0	Ecuador
P	Alexander Domínguez	26	18	0	Ecuador
P	Adrián Bone	25	3	0	Ecuador
D	Walter Ayoví	34	88	8	Ecuador
D	Jorge Guagua	32	56	2	Ecuador
D	Juan Carlos Paredes	26	35	0	Ecuador
D	Frickson Erazo	26	34	1	Ecuador
D	Gabriel Achilier	29	20	0	Ecuador
D	Óscar Bagüí	31	20	0	Ecuador
D	Cristian Ramírez	19	2	0	Ecuador
C	Édison Méndez	35	108	18	Ecuador
C	Segundo Castillo	32	79	9	Ecuador
C	Antonio Valencia	28	68	8	Ecuador
C	Luis Saritama	30	48	0	Ecuador
C	Christian Noboa	29	40	2	Ecuador
C	Jefferson Montero	24	37	7	Ecuador
C	Enner Valencia	25	8	2	Ecuador
C	Fidel Martínez	24	6	2	Ecuador
C	Fernando Gaibor	22	2	0	Ecuador
A	Felipe Caicedo	25	47	15	Ecuador
P	Johnny Herrera	33	7	0	Cile
P	Cristopher Toselli	25	4	0	Cile
P	Paulo Garcés	29	1	0	Cile
D	Gonzalo Jara	28	64	3	Cile
D	Gary Medel	26	59	5	Cile
D	Mauricio Isla	25	45	2	Cile
D	Marcos González	33	28	2	Cile
D	Eugenio Mena	25	23	3	Cile
D	José Manuel Rojas	30	18	1	Cile
D	Osvaldo González	29	13	0	Cile
C	Matías Fernández	28	60	14	Cile
C	Jean Beausejour	29	58	5	Cile
C	Jorge Valdivia	30	56	4	Cile
C	Arturo Vidal	27	53	8	Cile
C	Carlos Carmona	27	42	1	Cile
C	Fabián Orellana	28	24	2	Cile
C	José Pedro Fuenzalida	29	22	1	Cile
C	Charles Aránguiz	25	19	2	Cile
C	Felipe Gutiérrez	23	16	1	Cile
C	Francisco Silva	28	11	0	Cile
A	Alexis Sánchez	25	65	22	Cile
A	Eduardo Vargas	24	28	11	Cile
A	Mauricio Pinilla	30	25	5	Cile
P	Alireza Haghighi	26	6	0	Iran
P	Daniel Davari	26	3	0	Iran
P	Sosha Makani	27	2	0	Iran
D	Jalal Hosseini	32	83	6	Iran
D	Ehsan Hajsafi	24	58	2	Iran
D	Khosro Heydari	30	46	0	Iran
D	Pejman Montazeri	30	20	1	Iran
D	Mehrdad Pooladi	27	17	0	Iran
D	Amir Hossein Sadeqi	32	14	1	Iran
D	Mohammad Reza Khanzadeh	22	5	0	Iran
D	Steven Beitashour	27	4	0	Iran
C	Javad Nekounam	33	136	37	Iran
C	Masoud Shojaei	29	49	5	Iran
C	Mojtaba Jabbari	30	31	3	Iran
C	Ghasem Hadadifar	30	14	0	Iran
C	Ashkan Dejagah	27	11	4	Iran
C	Yaghoub Karimi	22	6	4	Iran
C	Reza Haghighi	25	5	0	Iran
C	Alireza Jahanbakhsh	20	4	1	Iran
C	Ali Karimi	20	0	0	Iran
A	Mohammad Reza Khalatbari	30	58	5	Iran
A	Karim Ansarifard	24	39	8	Iran
A	Reza Ghoochannejhad	26	11	9	Iran
P	Vincent Enyeama	31	89	0	Nigeria
P	Austin Ejide	30	31	0	Nigeria
D	Elderson	26	40	2	Nigeria
D	Efe Ambrose	25	34	1	Nigeria
D	Godfrey Oboabona	23	34	1	Nigeria
D	Azubuike Egwuekwe	24	31	0	Nigeria
D	Kenneth Omeruo	20	16	0	Nigeria
D	Juwon Oshaniwa	23	10	0	Nigeria
D	Kunle Odunlami	24	8	0	Nigeria
D	Leon Balogun	25	1	0	Nigeria
C	John Obi Mikel	27	57	4	Nigeria
C	Ahmed Musa	21	34	5	Nigeria
C	Ejike Uzoenyi	26	20	3	Nigeria
C	Ogenyi Onazi	21	19	1	Nigeria
C	Victor Moses	23	18	6	Nigeria
C	Shehu Abdullahi	21	6	0	Nigeria
C	Ramon Azeez	21	1	0	Nigeria
A	Victor Obinna	27	48	13	Nigeria
A	Emmanuel Emenike	27	21	10	Nigeria
A	Shola Ameobi	32	5	2	Nigeria
A	Imoh Ezekiel	20	1	0	Nigeria
A	Michael Uchebo	24	1	0	Nigeria
P	Jefferson	31	9	-3	Brasile
P	Júlio César	34	76	-54	Brasile
P	Victor	31	6	-4	Brasile
D	Dani Alves	31	72	5	Brasile
D	Thiago Silva	29	43	2	Brasile
D	David Luiz	27	30	0	Brasile
D	Marcelo	26	28	4	Brasile
D	Dante	30	8	1	Brasile
D	Henrique	27	5	0	Brasile
D	Maicon	32	69	7	Brasile
D	Maxwell	32	7	0	Brasile
C	Fernandinho	29	6	1	Brasile
C	Hernanes	28	21	2	Brasile
C	Oscar	22	26	8	Brasile
C	Willian	25	4	1	Brasile
C	Ramires	27	41	4	Brasile
C	Luiz Gustavo	26	14	1	Brasile
C	Paulinho	25	22	5	Brasile
A	Fred	30	30	16	Brasile
A	Neymar	22	44	27	Brasile
A	Hulk	27	29	6	Brasile
A	Bernard	21	8	0	Brasile
A	Jô	27	14	5	Brasile
P	Joe Hart	27	39	0	Inghilterra
P	Benjamin Foster	31	6	0	Inghilterra
P	Fraser Forster	26	1	0	Inghilterra
D	Glen Johnson	29	50	1	Inghilterra
D	Leighton Baines	29	22	1	Inghilterra
D	Gary Cahill	28	23	2	Inghilterra
D	Phil Jagielka	31	24	1	Inghilterra
D	Chris Smalling	24	10	0	Inghilterra
D	Phil Jones	22	9	1	Inghilterra
D	Luke Shaw	18	1	0	Inghilterra
C	Steven Gerrard	33	109	21	Inghilterra
C	Jack Wilshere	22	15	0	Inghilterra
C	Frank Lampard	35	103	29	Inghilterra
C	Jordan Henderson	23	8	0	Inghilterra
C	Alex Oxlade-Chamberlain	20	14	3	Inghilterra
C	James Milner	28	45	1	Inghilterra
C	Raheem Sterling	19	2	0	Inghilterra
C	Adam Lallana	26	3	0	Inghilterra
C	Ross Barkley	20	3	0	Inghilterra
A	Daniel Sturridge	24	10	3	Inghilterra
A	Wayne Rooney	28	89	38	Inghilterra
A	Danny Welbeck	23	21	8	Inghilterra
A	Rickie Lambert	32	4	2	Inghilterra
P	Igor Akinfeev	28	66	0	Russia
P	Yuri Lodygin	23	1	0	Russia
P	Sergey Ryzhikov	33	1	0	Russia
D	Sergei Ignashevich	34	94	5	Russia
D	Vasili Berezutski	31	75	3	Russia
D	Dmitri Kombarov	27	20	1	Russia
D	Andrey Yeshchenko	30	9	0	Russia
D	Aleksei Kozlov	27	8	0	Russia
D	Vladimir Granat	27	4	0	Russia
D	Georgi Schennikov	23	3	0	Russia
D	Yevgeni Makeyev	24	1	0	Russia
D	Maksim Beljaev	22	0	0	Russia
C	Yuri Zhirkov	30	60	0	Russia
C	Roman Shirokov	32	41	12	Russia
C	Igor Denisov	30	41	0	Russia
C	Alan Dzagoev	23	30	8	Russia
C	Denis Glushakov	27	25	3	Russia
C	Viktor Fayzulin	28	16	4	Russia
C	Aleksandr Samedov	29	14	3	Russia
C	Aleksandr Ryazantsev	27	4	0	Russia
C	Oleg Shatov	23	4	1	Russia
C	Aleksei Ionov	25	3	0	Russia
A	Aleksandr Kerzhakov	31	78	24	Russia
A	Aleksandr Kokorin	23	19	5	Russia
A	Fyodor Smolov	24	5	2	Russia
P	Mathew Ryan	22	5	0	Austria
P	Brad Jones	32	4	0	Austria
P	Mitchell Langerak	25	3	0	Austria
D	Luke Wilkshire	32	79	8	Austria
D	Matthew Špiranović	25	17	0	Austria
D	Ryan McGowan	24	8	0	Austria
D	Ivan Franjić	26	7	0	Austria
D	Jason Davidson	22	5	0	Austria
D	Curtis Good	21	1	0	Austria
D	Alex Wilkinson	29	1	0	Austria
C	Brett Holman	30	63	9	Austria
C	Matt McKay	31	45	1	Austria
C	Mile Jedinak	29	43	4	Austria
C	Mark Milligan	28	27	2	Austria
C	Dario Vidošić	27	21	2	Austria
C	Tommy Oar	22	13	1	Austria
C	James Holland	25	12	0	Austria
C	Tom Rogić	21	9	0	Austria
C	Adam Sarota	25	3	0	Austria
C	Oliver Bozanić	25	2	0	Austria
C	Massimo Luongo	21	1	0	Austria
A	Tim Cahill	34	67	31	Austria
A	Mathew Leckie	23	6	1	Austria
P	Adam Kwarasey	26	20	0	Gana
P	Steven Adams	24	6	0	Gana
D	Samuel Inkoom	24	45	1	Gana
D	Harrison Afful	27	39	0	Gana
D	John Boye	27	29	3	Gana
D	Jonathan Mensah	23	25	1	Gana
D	Daniel Opare	23	16	0	Gana
D	Jerry Akaminko	26	8	1	Gana
D	David Addy	24	8	0	Gana
C	Sulley Muntari	29	81	20	Gana
C	Kwadwo Asamoah	25	60	4	Gana
C	Michael Essien	31	56	9	Gana
C	Emmanuel Agyemang-Badu	23	48	7	Gana
C	André Ayew	24	47	4	Gana
C	Christian Atsu	22	21	4	Gana
C	Wakaso Mubarak	23	16	7	Gana
C	Albert Adomah	26	13	1	Gana
C	Kevin-Prince Boateng	27	11	2	Gana
A	Asamoah Gyan	28	78	39	Gana
A	Majeed Waris	22	11	3	Gana
A	Prince Tagoe	27	36	7	Gana
P	Diego Benaglio	30	55	0	Svizzera
P	Roman Bürki	23	0	0	Svizzera
P	Yann Sommer	25	5	-2	Svizzera
D	Johan Djourou	27	43	1	Svizzera
D	Michael Lang	23	5	1	Svizzera
D	Stephan Lichtsteiner	30	61	4	Svizzera
D	Ricardo Rodriguez	21	19	0	Svizzera
D	Fabian Schär	22	5	3	Svizzera
D	Philippe Senderos	29	52	5	Svizzera
D	Steve von Bergen	30	40	0	Svizzera
D	Reto Ziegler	28	34	1	Svizzera
C	Tranquillo Barnetta	29	73	10	Svizzera
C	Valon Behrami	29	46	2	Svizzera
C	Blerim Džemaili	28	32	1	Svizzera
C	Gelson Fernandes	27	46	2	Svizzera
C	Gökhan Inler	29	71	6	Svizzera
C	Xherdan Shaqiri	22	31	8	Svizzera
C	Valentin Stocker	25	22	3	Svizzera
C	Granit Xhaka	21	24	4	Svizzera
A	Josip Drmic	21	5	2	Svizzera
A	Mario Gavranović	24	10	4	Svizzera
A	Admir Mehmedi	23	19	1	Svizzera
A	Haris Seferović	22	9	1	Svizzera
P	Hugo Lloris	27	55	0	Francia
P	Steve Mandanda	29	16	0	Francia
P	Stéphane Ruffier	27	1	0	Francia
D	Mathieu Debuchy	28	19	2	Francia
D	Patrice Evra	33	55	0	Francia
D	Raphaël Varane	21	5	0	Francia
D	Mamadou Sakho	24	16	2	Francia
D	Bacary Sagna	31	39	0	Francia
D	Laurent Koscielny	28	15	0	Francia
D	Eliaquim Mangala	23	2	0	Francia
D	Lucas Digne	20	1	0	Francia
C	Yohan Cabaye	28	27	2	Francia
C	Franck Ribéry	31	81	16	Francia
C	Mathieu Valbuena	29	31	5	Francia
C	Antoine Griezmann	23	1	0	Francia
C	Josuha Guilavogui	23	5	0	Francia
C	Blaise Matuidi	27	20	1	Francia
C	Dimitri Payet	27	7	0	Francia
C	Moussa Sissoko	24	14	0	Francia
C	Paul Pogba	21	8	1	Francia
A	Olivier Giroud	27	27	5	Francia
A	Karim Benzema	26	65	19	Francia
A	Loïc Rémy	27	22	4	Francia
P	Iker Casillas	33	153	0	Spagna
P	Pepe Reina	31	30	0	Spagna
P	Víctor Valdés	32	20	0	Spagna
D	Sergio Ramos	28	115	9	Spagna
D	Raúl Albiol	28	45	0	Spagna
D	Jordi Alba	25	25	5	Spagna
D	Juanfran	29	6	1	Spagna
D	César Azpilicueta	24	5	0	Spagna
C	Xavi Hernández	34	130	13	Spagna
C	Xabi Alonso	32	109	15	Spagna
C	Andrés Iniesta	30	94	11	Spagna
C	Cesc Fàbregas	27	87	13	Spagna
C	David Silva	28	78	20	Spagna
C	Sergio Busquets	25	63	0	Spagna
C	Santi Cazorla	29	61	10	Spagna
C	Jesús Navas	28	34	3	Spagna
C	Javi Martínez	25	15	0	Spagna
C	Koke	22	7	0	Spagna
A	Pedro Rodríguez	26	37	14	Spagna
A	Álvaro Negredo	28	20	10	Spagna
A	Diego Costa	25	1	0	Spagna
P	Fernando Muslera	27	60	0	Uruguai
P	Martín Silva	31	4	0	Uruguai
D	Diego Lugano	33	92	9	Uruguai
D	Maxi Pereira	29	88	3	Uruguai
D	Diego Godín	28	76	3	Uruguai
D	Martín Cáceres	27	55	1	Uruguai
D	Jorge Fucile	29	41	0	Uruguai
D	José Giménez	19	4	0	Uruguai
D	Alejandro Silva	24	2	0	Uruguai
C	Diego Fernando Pérez	34	88	2	Uruguai
C	Cristian Rodríguez	28	71	8	Uruguai
C	Walter Gargano	29	61	1	Uruguai
C	Álvaro Pereira	28	55	6	Uruguai
C	Egidio Arévalo Ríos	32	53	0	Uruguai
C	Álvaro González	29	42	2	Uruguai
C	Gastón Ramírez	23	27	0	Uruguai
C	Nicolás Lodeiro	25	25	3	Uruguai
A	Diego Forlán	35	108	36	Uruguai
A	Luis Suárez	27	77	38	Uruguai
A	Abel Hernández	23	11	7	Uruguai
A	Christian Stuani	27	8	2	Uruguai
P	Eduardo	31	32	0	Portogallo
P	Beto	32	6	0	Portogallo
P	Anthony Lopes	23	0	0	Portogallo
D	Rolando	28	19	0	Portogallo
D	Pepe	31	57	3	Portogallo
D	Fábio Coentrão	26	43	3	Portogallo
D	Ricardo Costa	33	16	1	Portogallo
D	Luís Neto	25	6	0	Portogallo
D	Vitorino Antunes	27	8	0	Portogallo
D	João Pereira	30	34	0	Portogallo
D	Miguel Lopes	27	4	0	Portogallo
C	Miguel Veloso	28	46	2	Portogallo
C	William Carvalho	22	2	0	Portogallo
C	João Moutinho	27	66	2	Portogallo
C	Josué	23	4	0	Portogallo
C	Rafa Silva	21	1	0	Portogallo
C	Raul Meireles	31	73	10	Portogallo
C	Silvestre Varela	29	21	4	Portogallo
C	Rúben Amorim	29	10	0	Portogallo
A	Cristiano Ronaldo	29	110	49	Portogallo
A	Hugo Almeida	30	53	17	Portogallo
A	Edinho	31	6	3	Portogallo
A	Ivan Cavaleiro	20	1	0	Portogallo
P	Stipe Pletikosa	35	109	0	Croazia
P	Danijel Subašić	29	6	0	Croazia
D	Darijo Srna	32	111	21	Croazia
D	Vedran Ćorluka	28	71	4	Croazia
D	Ivan Strinić	26	32	0	Croazia
D	Dejan Lovren	24	23	2	Croazia
D	Domagoj Vida	25	22	1	Croazia
D	Gordon Schildenfeld	29	20	0	Croazia
D	Šime Vrsaljko	22	5	0	Croazia
D	Hrvoje Milić	25	4	0	Croazia
C	Luka Modrić	28	73	8	Croazia
C	Ivan Rakitić	26	60	9	Croazia
C	Ognjen Vukojević	30	54	4	Croazia
C	Danijel Pranjić	32	48	0	Croazia
C	Ivan Perišić	25	27	1	Croazia
C	Mateo Kovačić	20	8	0	Croazia
C	Mate Maleš	25	1	0	Croazia
A	Ivica Olić	34	90	18	Croazia
A	Eduardo	31	62	29	Croazia
A	Mario Mandžukić	28	48	13	Croazia
A	Nikica Jelavić	28	32	5	Croazia
A	Ante Rebić	20	3	1	Croazia
P	Eiji Kawashima	31	54	0	Giappone
P	Shūsaku Nishikawa	27	12	0	Giappone
P	Shuichi Gonda	25	2	0	Giappone
D	Yūichi Komano	32	78	1	Giappone
D	Yasuyuki Konno	31	78	1	Giappone
D	Yūto Nagatomo	27	67	3	Giappone
D	Maya Yoshida	25	38	2	Giappone
D	Masahiko Inoha	28	20	1	Giappone
D	Hiroki Sakai	24	15	0	Giappone
D	Gotoku Sakai	23	12	0	Giappone
D	Masato Morishige	27	7	1	Giappone
C	Yasuhito Endō	34	141	12	Giappone
C	Shinji Kagawa	25	54	17	Giappone
C	Keisuke Honda	27	53	20	Giappone
C	Hajime Hosogai	27	26	1	Giappone
C	Hiroshi Kiyotake	24	24	1	Giappone
C	Hotaru Yamaguchi	23	9	0	Giappone
C	Manabu Saito	24	4	1	Giappone
C	Toshihiro Aoyama	28	4	0	Giappone
A	Shinji Okazaki	28	73	38	Giappone
A	Yūya Ōsako	24	7	3	Giappone
A	Masato Kudo	24	4	2	Giappone
A	Yōhei Toyoda	29	4	0	Giappone
